,year,subjects,count,total,percentage
0,1798,Childhood,1,3,33.0
1,1798,Family Relations (Sedgwick Family),1,3,33.0
2,1798,Leisure Activities,1,3,33.0
3,1800,Childhood,2,29,7.000000000000001
4,1800,Death,2,29,7.000000000000001
5,1800,Education,1,29,3.0
6,1800,Elections,1,29,3.0
7,1800,Employees,2,29,7.000000000000001
8,1800,Family Relations (Sedgwick Family),6,29,21.0
9,1800,Gardens,1,29,3.0
10,1800,Health and Illness,5,29,17.0
11,1800,Holidays and Celebrations,1,29,3.0
12,1800,Leisure Activities,1,29,3.0
13,1800,Literature and History,1,29,3.0
14,1800,Politics,1,29,3.0
15,1800,Press,1,29,3.0
16,1800,Public Service,1,29,3.0
17,1800,Transportation,1,29,3.0
18,1800,"Travel and Touring, US",1,29,3.0
19,1800,Work,1,29,3.0
20,1801,Aging,1,16,6.0
21,1801,"Arts, Visual and Performing",1,16,6.0
22,1801,Childhood,2,16,12.0
23,1801,Courtship,1,16,6.0
24,1801,Education,2,16,12.0
25,1801,Employees,1,16,6.0
26,1801,Family Relations (Sedgwick Family),4,16,25.0
27,1801,Holidays and Celebrations,1,16,6.0
28,1801,Public Service,2,16,12.0
29,1801,Urban Life,1,16,6.0
30,1802,Childhood,2,7,28.999999999999996
31,1802,Family Relations (Sedgwick Family),2,7,28.999999999999996
32,1802,Motherhood,1,7,14.000000000000002
33,1802,Natural World,1,7,14.000000000000002
34,1802,Pregnancy,1,7,14.000000000000002
35,1803,Childhood,1,12,8.0
36,1803,Clothing,1,12,8.0
37,1803,Education,2,12,17.0
38,1803,Family Relations (Sedgwick Family),2,12,17.0
39,1803,Food and Drink,1,12,8.0
40,1803,Gender Roles,1,12,8.0
41,1803,Health and Illness,1,12,8.0
42,1803,Literature and History,1,12,8.0
43,1803,Marriage,1,12,8.0
44,1803,Religion,1,12,8.0
45,1804,Childhood,3,28,11.0
46,1804,Death,1,28,4.0
47,1804,Domestic Animals,1,28,4.0
48,1804,Education,3,28,11.0
49,1804,Elections,1,28,4.0
50,1804,Employees,2,28,7.000000000000001
51,1804,Family Relations (Sedgwick Family),3,28,11.0
52,1804,Fatherhood,1,28,4.0
53,1804,Friendship,1,28,4.0
54,1804,Gender Roles,1,28,4.0
55,1804,Health and Illness,2,28,7.000000000000001
56,1804,Manners,1,28,4.0
57,1804,Morality and Ethics,1,28,4.0
58,1804,Motherhood,1,28,4.0
59,1804,Politics,1,28,4.0
60,1804,Shopping and Material Exchange,1,28,4.0
61,1804,Social Life and Networks,2,28,7.000000000000001
62,1804,Urban Life,1,28,4.0
63,1804,Village Life,1,28,4.0
64,1805,Childhood,1,6,17.0
65,1805,Domestic Life and Duties,1,6,17.0
66,1805,Education,1,6,17.0
67,1805,Family Relations (Sedgwick Family),1,6,17.0
68,1805,Family Residences (Sedgwick Family),1,6,17.0
69,1805,Food and Drink,1,6,17.0
70,1807,Authorship,2,60,3.0
71,1807,Childbirth,2,60,3.0
72,1807,Childcare,5,60,8.0
73,1807,Childhood,5,60,8.0
74,1807,Clothing,2,60,3.0
75,1807,Courtship,3,60,5.0
76,1807,Domestic Animals,1,60,2.0
77,1807,Domestic Life and Duties,2,60,3.0
78,1807,Education,1,60,2.0
79,1807,Employees,2,60,3.0
80,1807,Family Relations (Sedgwick Family),6,60,10.0
81,1807,Family Residences (Sedgwick Family),1,60,2.0
82,1807,Fatherhood,1,60,2.0
83,1807,Food and Drink,2,60,3.0
84,1807,Friendship,5,60,8.0
85,1807,Gender Roles,2,60,3.0
86,1807,Gifts,1,60,2.0
87,1807,Health and Illness,5,60,8.0
88,1807,Legal Issues,1,60,2.0
89,1807,Literature and History,1,60,2.0
90,1807,Motherhood,2,60,3.0
91,1807,Pregnancy,1,60,2.0
92,1807,Religion,1,60,2.0
93,1807,Self-reflection,1,60,2.0
94,1807,Shopping and Material Exchange,2,60,3.0
95,1807,Social Life and Networks,1,60,2.0
96,1807,Transportation,1,60,2.0
97,1807,Work,1,60,2.0
98,1808,Authorship,1,8,12.0
99,1808,Family Relations (Sedgwick Family),1,8,12.0
100,1808,Manners,1,8,12.0
101,1808,Marriage,1,8,12.0
102,1808,Morality and Ethics,1,8,12.0
103,1808,Religion,1,8,12.0
104,1808,Social Life and Networks,1,8,12.0
105,1808,Transportation,1,8,12.0
106,1809,Childhood,1,28,4.0
107,1809,Death,1,28,4.0
108,1809,Domestic Animals,1,28,4.0
109,1809,Domestic Life and Duties,2,28,7.000000000000001
110,1809,Education,1,28,4.0
111,1809,Embargo,1,28,4.0
112,1809,Family Relations (Sedgwick Family),3,28,11.0
113,1809,Friendship,1,28,4.0
114,1809,Gender Roles,1,28,4.0
115,1809,Health and Illness,2,28,7.000000000000001
116,1809,Leisure Activities,3,28,11.0
117,1809,Manners,1,28,4.0
118,1809,Motherhood,1,28,4.0
119,1809,Politics,1,28,4.0
120,1809,Religion,2,28,7.000000000000001
121,1809,Social Life and Networks,3,28,11.0
122,1809,Transportation,1,28,4.0
123,1809,Urban Life,1,28,4.0
124,1809,Village Life,1,28,4.0
125,1810,Authorship,2,47,4.0
126,1810,Childcare,1,47,2.0
127,1810,Childhood,1,47,2.0
128,1810,Clothing,1,47,2.0
129,1810,Courtship,1,47,2.0
130,1810,Death,1,47,2.0
131,1810,Domestic Life and Duties,3,47,6.0
132,1810,Family Finances (Sedgwick Family),2,47,4.0
133,1810,Family Relations (Sedgwick Family),5,47,11.0
134,1810,Gender Roles,2,47,4.0
135,1810,Gifts,1,47,2.0
136,1810,Health and Illness,3,47,6.0
137,1810,Holidays and Celebrations,1,47,2.0
138,1810,Leisure Activities,2,47,4.0
139,1810,Literature and History,2,47,4.0
140,1810,Manners,1,47,2.0
141,1810,Morality and Ethics,1,47,2.0
142,1810,Motherhood,1,47,2.0
143,1810,National Identity,1,47,2.0
144,1810,Politics,1,47,2.0
145,1810,Religion,3,47,6.0
146,1810,Shopping and Material Exchange,4,47,9.0
147,1810,Social Life and Networks,1,47,2.0
148,1810,Transportation,2,47,4.0
149,1810,"Travel and Touring, US",2,47,4.0
150,1810,Work,2,47,4.0
151,1811,Authorship,2,69,3.0
152,1811,Bible,2,69,3.0
153,1811,Childbirth,1,69,1.0
154,1811,Childhood,1,69,1.0
155,1811,Clothing,2,69,3.0
156,1811,Courtship,4,69,6.0
157,1811,Death,1,69,1.0
158,1811,Domestic Life and Duties,3,69,4.0
159,1811,Family Relations (Sedgwick Family),7,69,10.0
160,1811,Fatherhood,1,69,1.0
161,1811,Food and Drink,2,69,3.0
162,1811,Friendship,2,69,3.0
163,1811,Gender Roles,5,69,7.000000000000001
164,1811,Health and Illness,5,69,7.000000000000001
165,1811,Housewares and Furnishings,1,69,1.0
166,1811,Leisure Activities,1,69,1.0
167,1811,Literature and History,2,69,3.0
168,1811,Manners,4,69,6.0
169,1811,Marriage,4,69,6.0
170,1811,Morality and Ethics,2,69,3.0
171,1811,Religion,2,69,3.0
172,1811,Self-reflection,2,69,3.0
173,1811,Shopping and Material Exchange,1,69,1.0
174,1811,Singlehood,2,69,3.0
175,1811,Social Life and Networks,5,69,7.000000000000001
176,1811,Transportation,1,69,1.0
177,1811,"Travel and Touring, US",3,69,4.0
178,1811,Work,1,69,1.0
179,1812,"Arts, Visual and Performing",1,153,1.0
180,1812,Authorship,4,153,3.0
181,1812,Bible,2,153,1.0
182,1812,Blockades,1,153,1.0
183,1812,Childcare,4,153,3.0
184,1812,Childhood,2,153,1.0
185,1812,Clothing,4,153,3.0
186,1812,Courtship,6,153,4.0
187,1812,Death,1,153,1.0
188,1812,Disasters,1,153,1.0
189,1812,Domestic Animals,1,153,1.0
190,1812,Domestic Life and Duties,7,153,5.0
191,1812,Education,1,153,1.0
192,1812,Elections,3,153,2.0
193,1812,Embargo,1,153,1.0
194,1812,Family Relations (Sedgwick Family),15,153,10.0
195,1812,Friendship,2,153,1.0
196,1812,Gender Roles,9,153,6.0
197,1812,Health and Illness,14,153,9.0
198,1812,Leisure Activities,1,153,1.0
199,1812,Literature and History,1,153,1.0
200,1812,Manners,2,153,1.0
201,1812,Marriage,2,153,1.0
202,1812,Morality and Ethics,3,153,2.0
203,1812,National Identity,1,153,1.0
204,1812,Politics,6,153,4.0
205,1812,Privateering,1,153,1.0
206,1812,Public Service,1,153,1.0
207,1812,Religion,11,153,7.000000000000001
208,1812,Self-reflection,7,153,5.0
209,1812,Shopping and Material Exchange,11,153,7.000000000000001
210,1812,Social Life and Networks,7,153,5.0
211,1812,Transportation,1,153,1.0
212,1812,"Travel and Touring, International",2,153,1.0
213,1812,"Travel and Touring, US",3,153,2.0
214,1812,Urban Life,2,153,1.0
215,1812,Village Life,3,153,2.0
216,1812,War of 1812,4,153,3.0
217,1812,Work,5,153,3.0
218,1813,Authorship,2,122,2.0
219,1813,Charity,1,122,1.0
220,1813,Childbirth,2,122,2.0
221,1813,Childcare,1,122,1.0
222,1813,Clothing,2,122,2.0
223,1813,Courtship,2,122,2.0
224,1813,Death,8,122,7.000000000000001
225,1813,Domestic Life and Duties,9,122,7.000000000000001
226,1813,Family Finances (Sedgwick Family),2,122,2.0
227,1813,Family Relations (Sedgwick Family),14,122,11.0
228,1813,Family Residences (Sedgwick Family),3,122,2.0
229,1813,Fatherhood,2,122,2.0
230,1813,Food and Drink,2,122,2.0
231,1813,Friendship,2,122,2.0
232,1813,Gender Roles,6,122,5.0
233,1813,Health and Illness,13,122,11.0
234,1813,Housewares and Furnishings,1,122,1.0
235,1813,Legal Issues,2,122,2.0
236,1813,Leisure Activities,1,122,1.0
237,1813,Manners,2,122,2.0
238,1813,Marriage,3,122,2.0
239,1813,Morality and Ethics,1,122,1.0
240,1813,Pregnancy,2,122,2.0
241,1813,Religion,12,122,10.0
242,1813,Self-reflection,6,122,5.0
243,1813,Shopping and Material Exchange,4,122,3.0
244,1813,Singlehood,2,122,2.0
245,1813,Social Life and Networks,4,122,3.0
246,1813,"Travel and Touring, International",1,122,1.0
247,1813,"Travel and Touring, US",1,122,1.0
248,1813,Unitarianism,3,122,2.0
249,1813,Urban Life,2,122,2.0
250,1813,Village Life,1,122,1.0
251,1813,War of 1812,1,122,1.0
252,1813,Women's Rights,2,122,2.0
253,1814,Charity,1,143,1.0
254,1814,Childbirth,2,143,1.0
255,1814,Childcare,3,143,2.0
256,1814,Childhood,3,143,2.0
257,1814,Clothing,4,143,3.0
258,1814,Courtship,6,143,4.0
259,1814,Death,2,143,1.0
260,1814,Domestic Life and Duties,5,143,3.0
261,1814,Education,4,143,3.0
262,1814,Employees,2,143,1.0
263,1814,Exiles,1,143,1.0
264,1814,Family Finances (Sedgwick Family),3,143,2.0
265,1814,Family Relations (Sedgwick Family),11,143,8.0
266,1814,Family Residences (Sedgwick Family),1,143,1.0
267,1814,Fatherhood,1,143,1.0
268,1814,Federalist Party,1,143,1.0
269,1814,Food and Drink,1,143,1.0
270,1814,Friendship,3,143,2.0
271,1814,Gardens,1,143,1.0
272,1814,Gender Roles,1,143,1.0
273,1814,Health and Illness,9,143,6.0
274,1814,Holidays and Celebrations,1,143,1.0
275,1814,Leisure Activities,4,143,3.0
276,1814,Literature and History,1,143,1.0
277,1814,Manners,5,143,3.0
278,1814,Marriage,2,143,1.0
279,1814,Motherhood,1,143,1.0
280,1814,Natural World,2,143,1.0
281,1814,Politics,3,143,2.0
282,1814,Pregnancy,1,143,1.0
283,1814,Religion,11,143,8.0
284,1814,Self-reflection,4,143,3.0
285,1814,Shopping and Material Exchange,7,143,5.0
286,1814,Social Life and Networks,11,143,8.0
287,1814,Transportation,5,143,3.0
288,1814,"Travel and Touring, US",3,143,2.0
289,1814,Unitarianism,1,143,1.0
290,1814,Urban Life,2,143,1.0
291,1814,Village Life,7,143,5.0
292,1814,War of 1812,6,143,4.0
293,1814,Work,1,143,1.0
294,1815,Authorship,1,37,3.0
295,1815,Childbirth,1,37,3.0
296,1815,Childhood,1,37,3.0
297,1815,Clothing,1,37,3.0
298,1815,Courtship,1,37,3.0
299,1815,Death,2,37,5.0
300,1815,Domestic Animals,2,37,5.0
301,1815,Domestic Life and Duties,2,37,5.0
302,1815,Education,1,37,3.0
303,1815,Family Finances (Sedgwick Family),1,37,3.0
304,1815,Family Relations (Sedgwick Family),2,37,5.0
305,1815,Family Residences (Sedgwick Family),1,37,3.0
306,1815,Food and Drink,2,37,5.0
307,1815,Friendship,1,37,3.0
308,1815,Gardens,1,37,3.0
309,1815,Gifts,1,37,3.0
310,1815,Health and Illness,1,37,3.0
311,1815,Holidays and Celebrations,1,37,3.0
312,1815,Literature and History,1,37,3.0
313,1815,Manners,1,37,3.0
314,1815,Motherhood,1,37,3.0
315,1815,Religion,3,37,8.0
316,1815,Self-reflection,1,37,3.0
317,1815,Shopping and Material Exchange,1,37,3.0
318,1815,Social Life and Networks,2,37,5.0
319,1815,Transportation,1,37,3.0
320,1815,"Travel and Touring, US",1,37,3.0
321,1815,Village Life,2,37,5.0
322,1816,Authorship,1,57,2.0
323,1816,Childhood,3,57,5.0
324,1816,Clothing,2,57,4.0
325,1816,Death,1,57,2.0
326,1816,Domestic Life and Duties,2,57,4.0
327,1816,Education,2,57,4.0
328,1816,Employees,1,57,2.0
329,1816,Family Finances (Sedgwick Family),3,57,5.0
330,1816,Family Relations (Sedgwick Family),4,57,7.000000000000001
331,1816,Family Residences (Sedgwick Family),1,57,2.0
332,1816,Fatherhood,1,57,2.0
333,1816,Food and Drink,1,57,2.0
334,1816,Friendship,1,57,2.0
335,1816,Gender Roles,3,57,5.0
336,1816,Health and Illness,3,57,5.0
337,1816,Legal Issues,1,57,2.0
338,1816,Literature and History,1,57,2.0
339,1816,Marriage,2,57,4.0
340,1816,Morality and Ethics,4,57,7.000000000000001
341,1816,Motherhood,2,57,4.0
342,1816,Politics,1,57,2.0
343,1816,Religion,4,57,7.000000000000001
344,1816,Self-reflection,1,57,2.0
345,1816,Shopping and Material Exchange,4,57,7.000000000000001
346,1816,Singlehood,1,57,2.0
347,1816,Social Life and Networks,3,57,5.0
348,1816,Transportation,1,57,2.0
349,1816,Village Life,2,57,4.0
350,1816,Work,1,57,2.0
351,1817,Authorship,2,152,1.0
352,1817,Bible,2,152,1.0
353,1817,Childbirth,2,152,1.0
354,1817,Clothing,2,152,1.0
355,1817,Courtship,2,152,1.0
356,1817,Death,2,152,1.0
357,1817,Domestic Animals,3,152,2.0
358,1817,Domestic Life and Duties,8,152,5.0
359,1817,Education,1,152,1.0
360,1817,Family Finances (Sedgwick Family),4,152,3.0
361,1817,Family Relations (Sedgwick Family),14,152,9.0
362,1817,Family Residences (Sedgwick Family),2,152,1.0
363,1817,Fatherhood,1,152,1.0
364,1817,Food and Drink,5,152,3.0
365,1817,Friendship,10,152,7.000000000000001
366,1817,Gardens,2,152,1.0
367,1817,Gender Roles,6,152,4.0
368,1817,Gifts,3,152,2.0
369,1817,Health and Illness,8,152,5.0
370,1817,Holidays and Celebrations,3,152,2.0
371,1817,Housewares and Furnishings,2,152,1.0
372,1817,Legal Issues,3,152,2.0
373,1817,Leisure Activities,4,152,3.0
374,1817,Literature and History,2,152,1.0
375,1817,Manners,1,152,1.0
376,1817,Marriage,6,152,4.0
377,1817,Morality and Ethics,3,152,2.0
378,1817,Motherhood,1,152,1.0
379,1817,National Identity,1,152,1.0
380,1817,Natural World,2,152,1.0
381,1817,Pregnancy,2,152,1.0
382,1817,Race and Ethnicity,2,152,1.0
383,1817,Religion,2,152,1.0
384,1817,Self-reflection,2,152,1.0
385,1817,Shopping and Material Exchange,9,152,6.0
386,1817,Singlehood,2,152,1.0
387,1817,Social Life and Networks,10,152,7.000000000000001
388,1817,Temperance Movement,1,152,1.0
389,1817,Transportation,5,152,3.0
390,1817,"Travel and Touring, US",6,152,4.0
391,1817,Urban Life,1,152,1.0
392,1817,Village Life,3,152,2.0
393,1818,African Americans,1,158,1.0
394,1818,Aging,2,158,1.0
395,1818,Authorship,1,158,1.0
396,1818,Bible,7,158,4.0
397,1818,Charity,2,158,1.0
398,1818,Childhood,3,158,2.0
399,1818,Class,2,158,1.0
400,1818,Clothing,5,158,3.0
401,1818,Courtship,5,158,3.0
402,1818,Death,3,158,2.0
403,1818,Domestic Animals,1,158,1.0
404,1818,Domestic Life and Duties,7,158,4.0
405,1818,Education,1,158,1.0
406,1818,Employees,1,158,1.0
407,1818,Family Finances (Sedgwick Family),3,158,2.0
408,1818,Family Relations (Sedgwick Family),14,158,9.0
409,1818,Family Residences (Sedgwick Family),2,158,1.0
410,1818,Fatherhood,1,158,1.0
411,1818,Food and Drink,3,158,2.0
412,1818,Friendship,2,158,1.0
413,1818,Gender Roles,3,158,2.0
414,1818,Gifts,3,158,2.0
415,1818,Health and Illness,10,158,6.0
416,1818,Holidays and Celebrations,1,158,1.0
417,1818,Legal Issues,1,158,1.0
418,1818,Leisure Activities,1,158,1.0
419,1818,Literature and History,6,158,4.0
420,1818,Manners,2,158,1.0
421,1818,Marriage,2,158,1.0
422,1818,Morality and Ethics,5,158,3.0
423,1818,Motherhood,2,158,1.0
424,1818,National Identity,2,158,1.0
425,1818,Pregnancy,1,158,1.0
426,1818,Race and Ethnicity,1,158,1.0
427,1818,Reform Movements,1,158,1.0
428,1818,Religion,8,158,5.0
429,1818,Second Great Awakening,1,158,1.0
430,1818,Self-reflection,7,158,4.0
431,1818,Shopping and Material Exchange,7,158,4.0
432,1818,Singlehood,1,158,1.0
433,1818,Social Life and Networks,10,158,6.0
434,1818,Transportation,2,158,1.0
435,1818,"Travel and Touring, International",1,158,1.0
436,1818,"Travel and Touring, US",8,158,5.0
437,1818,Urban Life,2,158,1.0
438,1818,Village Life,3,158,2.0
439,1818,Work,1,158,1.0
440,1819,"Arts, Visual and Performing",1,153,1.0
441,1819,Authorship,2,153,1.0
442,1819,Bible,5,153,3.0
443,1819,Charity,2,153,1.0
444,1819,Childbirth,1,153,1.0
445,1819,Childcare,2,153,1.0
446,1819,Childhood,5,153,3.0
447,1819,Class,1,153,1.0
448,1819,Clothing,2,153,1.0
449,1819,Courtship,7,153,5.0
450,1819,Death,4,153,3.0
451,1819,Domestic Animals,1,153,1.0
452,1819,Domestic Life and Duties,6,153,4.0
453,1819,Education,1,153,1.0
454,1819,Employees,1,153,1.0
455,1819,Exiles,1,153,1.0
456,1819,Family Finances (Sedgwick Family),3,153,2.0
457,1819,Family Relations (Sedgwick Family),10,153,7.000000000000001
458,1819,Family Residences (Sedgwick Family),3,153,2.0
459,1819,Food and Drink,3,153,2.0
460,1819,Friendship,4,153,3.0
461,1819,Gender Roles,7,153,5.0
462,1819,Gifts,2,153,1.0
463,1819,Health and Illness,9,153,6.0
464,1819,Housewares and Furnishings,1,153,1.0
465,1819,Literature and History,2,153,1.0
466,1819,Marriage,3,153,2.0
467,1819,Morality and Ethics,2,153,1.0
468,1819,Motherhood,3,153,2.0
469,1819,National Identity,1,153,1.0
470,1819,Native Americans,1,153,1.0
471,1819,Natural World,2,153,1.0
472,1819,Politics,1,153,1.0
473,1819,Pregnancy,1,153,1.0
474,1819,Religion,9,153,6.0
475,1819,Self-reflection,6,153,4.0
476,1819,Shopping and Material Exchange,4,153,3.0
477,1819,Singlehood,5,153,3.0
478,1819,Social Life and Networks,11,153,7.000000000000001
479,1819,Transportation,3,153,2.0
480,1819,"Travel and Touring, International",1,153,1.0
481,1819,"Travel and Touring, US",4,153,3.0
482,1819,Village Life,5,153,3.0
483,1819,Work,5,153,3.0
484,1820,"Arts, Visual and Performing",2,201,1.0
485,1820,Authorship,2,201,1.0
486,1820,Bible,6,201,3.0
487,1820,Caribbean,2,201,1.0
488,1820,Charity,4,201,2.0
489,1820,Childcare,1,201,0.0
490,1820,Childhood,9,201,4.0
491,1820,Class,3,201,1.0
492,1820,Clothing,3,201,1.0
493,1820,Courtship,5,201,2.0
494,1820,Death,7,201,3.0
495,1820,Domestic Life and Duties,5,201,2.0
496,1820,Economics,1,201,0.0
497,1820,Education,4,201,2.0
498,1820,Employees,2,201,1.0
499,1820,Family Relations (Sedgwick Family),12,201,6.0
500,1820,Family Residences (Sedgwick Family),3,201,1.0
501,1820,Food and Drink,2,201,1.0
502,1820,Friendship,6,201,3.0
503,1820,Gardens,1,201,0.0
504,1820,Gender Roles,7,201,3.0
505,1820,Gifts,1,201,0.0
506,1820,Health and Illness,11,201,5.0
507,1820,Housewares and Furnishings,1,201,0.0
508,1820,Leisure Activities,6,201,3.0
509,1820,Literature and History,6,201,3.0
510,1820,Manners,3,201,1.0
511,1820,Marriage,6,201,3.0
512,1820,Morality and Ethics,4,201,2.0
513,1820,Motherhood,6,201,3.0
514,1820,National Identity,1,201,0.0
515,1820,Natural World,6,201,3.0
516,1820,Pregnancy,1,201,0.0
517,1820,Publication,1,201,0.0
518,1820,Race and Ethnicity,1,201,0.0
519,1820,Recreation,2,201,1.0
520,1820,Religion,10,201,5.0
521,1820,Science and Technology,1,201,0.0
522,1820,Self-reflection,7,201,3.0
523,1820,Shopping and Material Exchange,5,201,2.0
524,1820,Singlehood,1,201,0.0
525,1820,Social Life and Networks,13,201,6.0
526,1820,Transportation,1,201,0.0
527,1820,"Travel and Touring, US",3,201,1.0
528,1820,Unitarianism,3,201,1.0
529,1820,Urban Life,4,201,2.0
530,1820,Village Life,6,201,3.0
531,1820,Work,4,201,2.0
532,1821,"Arts, Visual and Performing",3,284,1.0
533,1821,Authorship,2,284,1.0
534,1821,Bible,11,284,4.0
535,1821,Canals,2,284,1.0
536,1821,Catholicism,1,284,0.0
537,1821,Charity,1,284,0.0
538,1821,Childbirth,2,284,1.0
539,1821,Childcare,3,284,1.0
540,1821,Childhood,7,284,2.0
541,1821,Class,2,284,1.0
542,1821,Courtship,5,284,2.0
543,1821,Death,5,284,2.0
544,1821,Domestic Life and Duties,13,284,5.0
545,1821,Education,8,284,3.0
546,1821,Elections,1,284,0.0
547,1821,Employees,2,284,1.0
548,1821,Family Finances (Sedgwick Family),3,284,1.0
549,1821,Family Relations (Sedgwick Family),19,284,7.000000000000001
550,1821,Family Residences (Sedgwick Family),4,284,1.0
551,1821,Fatherhood,2,284,1.0
552,1821,Friendship,14,284,5.0
553,1821,Gender Roles,9,284,3.0
554,1821,Gifts,1,284,0.0
555,1821,Health and Illness,13,284,5.0
556,1821,Holidays and Celebrations,1,284,0.0
557,1821,Housewares and Furnishings,1,284,0.0
558,1821,Immigration,1,284,0.0
559,1821,Legal Issues,1,284,0.0
560,1821,Literature and History,6,284,2.0
561,1821,Manners,4,284,1.0
562,1821,Marriage,1,284,0.0
563,1821,Morality and Ethics,3,284,1.0
564,1821,Motherhood,9,284,3.0
565,1821,National Identity,2,284,1.0
566,1821,Natural World,5,284,2.0
567,1821,Pregnancy,2,284,1.0
568,1821,Press,1,284,0.0
569,1821,Race and Ethnicity,1,284,0.0
570,1821,Regional Identity,2,284,1.0
571,1821,Religion,18,284,6.0
572,1821,Romanticism,2,284,1.0
573,1821,Second Great Awakening,3,284,1.0
574,1821,Self-reflection,16,284,6.0
575,1821,Shopping and Material Exchange,8,284,3.0
576,1821,Singlehood,3,284,1.0
577,1821,Social Life and Networks,20,284,7.000000000000001
578,1821,Transportation,2,284,1.0
579,1821,"Travel and Touring, International",6,284,2.0
580,1821,"Travel and Touring, US",8,284,3.0
581,1821,Unitarianism,9,284,3.0
582,1821,Urban Life,3,284,1.0
583,1821,Village Life,4,284,1.0
584,1821,Work,9,284,3.0
585,1822,Aging,2,310,1.0
586,1822,Authorship,12,310,4.0
587,1822,Bible,7,310,2.0
588,1822,Caribbean,1,310,0.0
589,1822,Childbirth,2,310,1.0
590,1822,Childcare,2,310,1.0
591,1822,Childhood,11,310,4.0
592,1822,Class,1,310,0.0
593,1822,Clothing,3,310,1.0
594,1822,Courtship,4,310,1.0
595,1822,Crime,1,310,0.0
596,1822,Death,7,310,2.0
597,1822,Domestic Animals,1,310,0.0
598,1822,Domestic Life and Duties,9,310,3.0
599,1822,Economics,1,310,0.0
600,1822,Education,4,310,1.0
601,1822,Family Finances (Sedgwick Family),4,310,1.0
602,1822,Family Relations (Sedgwick Family),16,310,5.0
603,1822,Family Residences (Sedgwick Family),5,310,2.0
604,1822,Fatherhood,2,310,1.0
605,1822,Food and Drink,1,310,0.0
606,1822,Friendship,14,310,5.0
607,1822,Gardens,2,310,1.0
608,1822,Gender Roles,14,310,5.0
609,1822,Gifts,2,310,1.0
610,1822,Health and Illness,16,310,5.0
611,1822,Holidays and Celebrations,2,310,1.0
612,1822,Legal Issues,1,310,0.0
613,1822,Leisure Activities,2,310,1.0
614,1822,Literature and History,11,310,4.0
615,1822,Manners,7,310,2.0
616,1822,Marriage,7,310,2.0
617,1822,Morality and Ethics,7,310,2.0
618,1822,Motherhood,8,310,3.0
619,1822,National Identity,2,310,1.0
620,1822,Native Americans,1,310,0.0
621,1822,Natural World,7,310,2.0
622,1822,Pregnancy,1,310,0.0
623,1822,Press,4,310,1.0
624,1822,Publication,4,310,1.0
625,1822,Recreation,3,310,1.0
626,1822,Regional Identity,2,310,1.0
627,1822,Religion,16,310,5.0
628,1822,Self-reflection,9,310,3.0
629,1822,Shays's Rebellion,1,310,0.0
630,1822,Shopping and Material Exchange,5,310,2.0
631,1822,Singlehood,5,310,2.0
632,1822,Social Life and Networks,20,310,6.0
633,1822,Transportation,5,310,2.0
634,1822,"Travel and Touring, International",4,310,1.0
635,1822,"Travel and Touring, US",4,310,1.0
636,1822,Unitarianism,7,310,2.0
637,1822,Urban Life,3,310,1.0
638,1822,Village Life,7,310,2.0
639,1822,Women's Rights,2,310,1.0
640,1822,Work,9,310,3.0
641,1823,Aging,1,412,0.0
642,1823,Agriculture,1,412,0.0
643,1823,"Arts, Visual and Performing",2,412,0.0
644,1823,Authorship,10,412,2.0
645,1823,Bible,14,412,3.0
646,1823,Catholicism,1,412,0.0
647,1823,Charity,7,412,2.0
648,1823,Childcare,10,412,2.0
649,1823,Childhood,20,412,5.0
650,1823,Class,2,412,0.0
651,1823,Clothing,5,412,1.0
652,1823,Courtship,4,412,1.0
653,1823,Crime,1,412,0.0
654,1823,Death,4,412,1.0
655,1823,Domestic Animals,2,412,0.0
656,1823,Domestic Life and Duties,15,412,4.0
657,1823,Economics,1,412,0.0
658,1823,Education,10,412,2.0
659,1823,Employees,2,412,0.0
660,1823,Family Finances (Sedgwick Family),4,412,1.0
661,1823,Family Relations (Sedgwick Family),24,412,6.0
662,1823,Family Residences (Sedgwick Family),13,412,3.0
663,1823,Fatherhood,4,412,1.0
664,1823,Food and Drink,2,412,0.0
665,1823,Friendship,9,412,2.0
666,1823,Gardens,2,412,0.0
667,1823,Gender Roles,13,412,3.0
668,1823,Gifts,3,412,1.0
669,1823,Health and Illness,19,412,5.0
670,1823,Holidays and Celebrations,4,412,1.0
671,1823,Housewares and Furnishings,3,412,1.0
672,1823,Immigration,2,412,0.0
673,1823,Judaism,2,412,0.0
674,1823,Legal Issues,1,412,0.0
675,1823,Leisure Activities,8,412,2.0
676,1823,Literature and History,14,412,3.0
677,1823,Manners,3,412,1.0
678,1823,Marriage,10,412,2.0
679,1823,Morality and Ethics,8,412,2.0
680,1823,Motherhood,7,412,2.0
681,1823,National Identity,1,412,0.0
682,1823,Native Americans,1,412,0.0
683,1823,Natural World,7,412,2.0
684,1823,Politics,1,412,0.0
685,1823,Press,2,412,0.0
686,1823,Public Service,1,412,0.0
687,1823,Publication,2,412,0.0
688,1823,Race and Ethnicity,1,412,0.0
689,1823,Recreation,6,412,1.0
690,1823,Reform Movements,1,412,0.0
691,1823,Religion,22,412,5.0
692,1823,Romanticism,3,412,1.0
693,1823,Science and Technology,1,412,0.0
694,1823,Second Great Awakening,1,412,0.0
695,1823,Self-reflection,17,412,4.0
696,1823,Shopping and Material Exchange,8,412,2.0
697,1823,Singlehood,3,412,1.0
698,1823,Social Life and Networks,22,412,5.0
699,1823,Transcendentalism,3,412,1.0
700,1823,Transportation,4,412,1.0
701,1823,"Travel and Touring, US",7,412,2.0
702,1823,Unitarianism,10,412,2.0
703,1823,Urban Life,4,412,1.0
704,1823,Village Life,8,412,2.0
705,1823,Work,9,412,2.0
706,1824,African Americans,3,324,1.0
707,1824,Aging,2,324,1.0
708,1824,"Arts, Visual and Performing",6,324,2.0
709,1824,Authorship,12,324,4.0
710,1824,Bible,7,324,2.0
711,1824,Charity,4,324,1.0
712,1824,Childbirth,2,324,1.0
713,1824,Childcare,5,324,2.0
714,1824,Childhood,12,324,4.0
715,1824,Class,7,324,2.0
716,1824,Clothing,1,324,0.0
717,1824,Disasters,2,324,1.0
718,1824,Domestic Animals,1,324,0.0
719,1824,Domestic Life and Duties,8,324,2.0
720,1824,Economics,5,324,2.0
721,1824,Education,6,324,2.0
722,1824,Employees,4,324,1.0
723,1824,Family Finances (Sedgwick Family),5,324,2.0
724,1824,Family Relations (Sedgwick Family),13,324,4.0
725,1824,Family Residences (Sedgwick Family),9,324,3.0
726,1824,Fatherhood,1,324,0.0
727,1824,Food and Drink,6,324,2.0
728,1824,Friendship,7,324,2.0
729,1824,Gender Roles,12,324,4.0
730,1824,Gifts,6,324,2.0
731,1824,Health and Illness,10,324,3.0
732,1824,Holidays and Celebrations,6,324,2.0
733,1824,Housewares and Furnishings,4,324,1.0
734,1824,Immigration,1,324,0.0
735,1824,Legal Issues,2,324,1.0
736,1824,Leisure Activities,8,324,2.0
737,1824,Literature and History,11,324,3.0
738,1824,Marriage,5,324,2.0
739,1824,Morality and Ethics,8,324,2.0
740,1824,Motherhood,3,324,1.0
741,1824,National Identity,1,324,0.0
742,1824,Natural World,7,324,2.0
743,1824,Politics,2,324,1.0
744,1824,Pregnancy,2,324,1.0
745,1824,Press,3,324,1.0
746,1824,Public Service,3,324,1.0
747,1824,Publication,4,324,1.0
748,1824,Recreation,3,324,1.0
749,1824,Religion,13,324,4.0
750,1824,Romanticism,3,324,1.0
751,1824,Second Great Awakening,2,324,1.0
752,1824,Self-reflection,13,324,4.0
753,1824,Shopping and Material Exchange,6,324,2.0
754,1824,Singlehood,4,324,1.0
755,1824,Social Life and Networks,18,324,6.0
756,1824,"South, The",1,324,0.0
757,1824,Transcendentalism,3,324,1.0
758,1824,Transportation,2,324,1.0
759,1824,"Travel and Touring, US",9,324,3.0
760,1824,Unitarianism,5,324,2.0
761,1824,Urban Life,4,324,1.0
762,1824,Village Life,4,324,1.0
763,1824,Work,8,324,2.0
764,1825,Aging,2,507,0.0
765,1825,Agriculture,1,507,0.0
766,1825,American Revolution,1,507,0.0
767,1825,"Arts, Visual and Performing",7,507,1.0
768,1825,Authorship,19,507,4.0
769,1825,Bible,11,507,2.0
770,1825,Charity,2,507,0.0
771,1825,Childbirth,7,507,1.0
772,1825,Childcare,9,507,2.0
773,1825,Childhood,16,507,3.0
774,1825,Class,4,507,1.0
775,1825,Clothing,7,507,1.0
776,1825,Courtship,5,507,1.0
777,1825,Death,14,507,3.0
778,1825,Disasters,1,507,0.0
779,1825,Domestic Animals,2,507,0.0
780,1825,Domestic Life and Duties,4,507,1.0
781,1825,Economics,6,507,1.0
782,1825,Education,11,507,2.0
783,1825,Elections,1,507,0.0
784,1825,Exiles,1,507,0.0
785,1825,Family Finances (Sedgwick Family),8,507,2.0
786,1825,Family Relations (Sedgwick Family),29,507,6.0
787,1825,Family Residences (Sedgwick Family),4,507,1.0
788,1825,Fatherhood,7,507,1.0
789,1825,Federalist Party,1,507,0.0
790,1825,Food and Drink,4,507,1.0
791,1825,Friendship,10,507,2.0
792,1825,Gardens,2,507,0.0
793,1825,Gender Roles,17,507,3.0
794,1825,Gifts,10,507,2.0
795,1825,Health and Illness,25,507,5.0
796,1825,Holidays and Celebrations,4,507,1.0
797,1825,Housewares and Furnishings,2,507,0.0
798,1825,Immigration,2,507,0.0
799,1825,Legal Issues,2,507,0.0
800,1825,Leisure Activities,10,507,2.0
801,1825,Literature and History,20,507,4.0
802,1825,Manners,9,507,2.0
803,1825,Marriage,7,507,1.0
804,1825,Morality and Ethics,6,507,1.0
805,1825,Motherhood,12,507,2.0
806,1825,National Identity,4,507,1.0
807,1825,Native Americans,1,507,0.0
808,1825,Natural World,6,507,1.0
809,1825,Politics,4,507,1.0
810,1825,Pregnancy,4,507,1.0
811,1825,Press,3,507,1.0
812,1825,Public Service,3,507,1.0
813,1825,Publication,3,507,1.0
814,1825,Recreation,4,507,1.0
815,1825,Religion,21,507,4.0
816,1825,Romanticism,3,507,1.0
817,1825,Science and Technology,2,507,0.0
818,1825,Self-reflection,20,507,4.0
819,1825,Shopping and Material Exchange,9,507,2.0
820,1825,Singlehood,4,507,1.0
821,1825,Social Life and Networks,29,507,6.0
822,1825,Temperance Movement,1,507,0.0
823,1825,Transcendentalism,3,507,1.0
824,1825,Transportation,6,507,1.0
825,1825,"Travel and Touring, International",3,507,1.0
826,1825,"Travel and Touring, US",17,507,3.0
827,1825,Unitarianism,4,507,1.0
828,1825,Urban Life,8,507,2.0
829,1825,Village Life,8,507,2.0
830,1825,"West, The",1,507,0.0
831,1825,Widowhood,1,507,0.0
832,1825,Work,13,507,3.0
833,1826,African Americans,1,527,0.0
834,1826,Aging,1,527,0.0
835,1826,Agriculture,1,527,0.0
836,1826,"Arts, Visual and Performing",11,527,2.0
837,1826,Authorship,14,527,3.0
838,1826,Bible,7,527,1.0
839,1826,Catholicism,1,527,0.0
840,1826,Charity,7,527,1.0
841,1826,Childbirth,5,527,1.0
842,1826,Childcare,8,527,2.0
843,1826,Childhood,18,527,3.0
844,1826,Class,8,527,2.0
845,1826,Clothing,2,527,0.0
846,1826,Courtship,4,527,1.0
847,1826,Crime,1,527,0.0
848,1826,Death,8,527,2.0
849,1826,Domestic Animals,2,527,0.0
850,1826,Domestic Life and Duties,4,527,1.0
851,1826,Economics,5,527,1.0
852,1826,Education,18,527,3.0
853,1826,Employees,1,527,0.0
854,1826,Family Finances (Sedgwick Family),6,527,1.0
855,1826,Family Relations (Sedgwick Family),27,527,5.0
856,1826,Family Residences (Sedgwick Family),9,527,2.0
857,1826,Fatherhood,5,527,1.0
858,1826,Food and Drink,2,527,0.0
859,1826,Foreign Relations,2,527,0.0
860,1826,Friendship,13,527,2.0
861,1826,Gardens,3,527,1.0
862,1826,Gender Roles,22,527,4.0
863,1826,Gifts,4,527,1.0
864,1826,Health and Illness,25,527,5.0
865,1826,Holidays and Celebrations,4,527,1.0
866,1826,Legal Issues,12,527,2.0
867,1826,Leisure Activities,12,527,2.0
868,1826,Literature and History,21,527,4.0
869,1826,Manners,6,527,1.0
870,1826,Marriage,3,527,1.0
871,1826,Morality and Ethics,15,527,3.0
872,1826,Motherhood,7,527,1.0
873,1826,National Identity,2,527,0.0
874,1826,Native Americans,2,527,0.0
875,1826,Natural World,6,527,1.0
876,1826,Politics,11,527,2.0
877,1826,Pregnancy,5,527,1.0
878,1826,Publication,7,527,1.0
879,1826,Race and Ethnicity,1,527,0.0
880,1826,Recreation,6,527,1.0
881,1826,Reform Movements,2,527,0.0
882,1826,Regional Identity,3,527,1.0
883,1826,Religion,29,527,6.0
884,1826,Romanticism,5,527,1.0
885,1826,Science and Technology,2,527,0.0
886,1826,Second Great Awakening,1,527,0.0
887,1826,Self-reflection,14,527,3.0
888,1826,Shopping and Material Exchange,8,527,2.0
889,1826,Singlehood,7,527,1.0
890,1826,Social Life and Networks,32,527,6.0
891,1826,Transcendentalism,1,527,0.0
892,1826,Transportation,5,527,1.0
893,1826,"Travel and Touring, US",16,527,3.0
894,1826,Unitarianism,12,527,2.0
895,1826,Urban Life,5,527,1.0
896,1826,Village Life,7,527,1.0
897,1826,Work,13,527,2.0
898,1827,Anti-Slavery Movements,1,427,0.0
899,1827,"Arts, Visual and Performing",3,427,1.0
900,1827,Authorship,18,427,4.0
901,1827,Bible,4,427,1.0
902,1827,Charity,4,427,1.0
903,1827,Childbirth,3,427,1.0
904,1827,Childcare,6,427,1.0
905,1827,Childhood,8,427,2.0
906,1827,Class,6,427,1.0
907,1827,Clothing,3,427,1.0
908,1827,Courtship,5,427,1.0
909,1827,Death,8,427,2.0
910,1827,Domestic Animals,1,427,0.0
911,1827,Domestic Life and Duties,8,427,2.0
912,1827,Economics,8,427,2.0
913,1827,Education,4,427,1.0
914,1827,Employees,2,427,0.0
915,1827,Family Finances (Sedgwick Family),2,427,0.0
916,1827,Family Relations (Sedgwick Family),21,427,5.0
917,1827,Family Residences (Sedgwick Family),2,427,0.0
918,1827,Fatherhood,1,427,0.0
919,1827,Food and Drink,5,427,1.0
920,1827,Foreign Relations,3,427,1.0
921,1827,Friendship,15,427,4.0
922,1827,Gardens,2,427,0.0
923,1827,Gender Roles,20,427,5.0
924,1827,Gifts,9,427,2.0
925,1827,Health and Illness,24,427,6.0
926,1827,Holidays and Celebrations,2,427,0.0
927,1827,Immigration,1,427,0.0
928,1827,Legal Issues,5,427,1.0
929,1827,Leisure Activities,10,427,2.0
930,1827,Literature and History,19,427,4.0
931,1827,Manners,7,427,2.0
932,1827,Marriage,7,427,2.0
933,1827,Morality and Ethics,8,427,2.0
934,1827,Motherhood,8,427,2.0
935,1827,National Identity,4,427,1.0
936,1827,Native Americans,2,427,0.0
937,1827,Natural World,5,427,1.0
938,1827,Politics,4,427,1.0
939,1827,Pregnancy,1,427,0.0
940,1827,Press,4,427,1.0
941,1827,Public Service,1,427,0.0
942,1827,Publication,10,427,2.0
943,1827,Regional Identity,1,427,0.0
944,1827,Religion,23,427,5.0
945,1827,Romanticism,5,427,1.0
946,1827,Second Great Awakening,1,427,0.0
947,1827,Self-reflection,22,427,5.0
948,1827,Shopping and Material Exchange,5,427,1.0
949,1827,Singlehood,6,427,1.0
950,1827,Slavery and Enslaved Persons,1,427,0.0
951,1827,Social Life and Networks,26,427,6.0
952,1827,Translation,1,427,0.0
953,1827,Transportation,4,427,1.0
954,1827,"Travel and Touring, International",1,427,0.0
955,1827,"Travel and Touring, US",5,427,1.0
956,1827,Unitarianism,11,427,3.0
957,1827,Urban Life,5,427,1.0
958,1827,Village Life,2,427,0.0
959,1827,Work,14,427,3.0
960,1828,American Revolution,1,324,0.0
961,1828,"Arts, Visual and Performing",2,324,1.0
962,1828,Authorship,10,324,3.0
963,1828,Bible,3,324,1.0
964,1828,Caribbean,1,324,0.0
965,1828,Charity,5,324,2.0
966,1828,Childbirth,3,324,1.0
967,1828,Childcare,5,324,2.0
968,1828,Childhood,7,324,2.0
969,1828,Class,2,324,1.0
970,1828,Clothing,4,324,1.0
971,1828,Courtship,5,324,2.0
972,1828,Crime,1,324,0.0
973,1828,Death,4,324,1.0
974,1828,Domestic Life and Duties,11,324,3.0
975,1828,Economics,2,324,1.0
976,1828,Education,9,324,3.0
977,1828,Employees,1,324,0.0
978,1828,Family Finances (Sedgwick Family),5,324,2.0
979,1828,Family Relations (Sedgwick Family),17,324,5.0
980,1828,Family Residences (Sedgwick Family),2,324,1.0
981,1828,Fatherhood,1,324,0.0
982,1828,Food and Drink,2,324,1.0
983,1828,Friendship,12,324,4.0
984,1828,Gender Roles,17,324,5.0
985,1828,Gifts,5,324,2.0
986,1828,Health and Illness,16,324,5.0
987,1828,Holidays and Celebrations,3,324,1.0
988,1828,Housewares and Furnishings,2,324,1.0
989,1828,Immigration,4,324,1.0
990,1828,Judaism,2,324,1.0
991,1828,Legal Issues,1,324,0.0
992,1828,Leisure Activities,5,324,2.0
993,1828,Literature and History,10,324,3.0
994,1828,Manners,7,324,2.0
995,1828,Marriage,8,324,2.0
996,1828,Morality and Ethics,5,324,2.0
997,1828,Motherhood,4,324,1.0
998,1828,National Identity,5,324,2.0
999,1828,Natural World,3,324,1.0
1000,1828,Politics,2,324,1.0
1001,1828,Pregnancy,1,324,0.0
1002,1828,Press,3,324,1.0
1003,1828,Privateering,1,324,0.0
1004,1828,Public Service,2,324,1.0
1005,1828,Publication,3,324,1.0
1006,1828,Recreation,1,324,0.0
1007,1828,Reform Movements,2,324,1.0
1008,1828,Regional Identity,1,324,0.0
1009,1828,Religion,15,324,5.0
1010,1828,Romanticism,3,324,1.0
1011,1828,Science and Technology,1,324,0.0
1012,1828,Self-reflection,14,324,4.0
1013,1828,Shopping and Material Exchange,5,324,2.0
1014,1828,Singlehood,6,324,2.0
1015,1828,Social Life and Networks,20,324,6.0
1016,1828,Translation,1,324,0.0
1017,1828,Transportation,1,324,0.0
1018,1828,"Travel and Touring, US",6,324,2.0
1019,1828,Unitarianism,9,324,3.0
1020,1828,Urban Life,3,324,1.0
1021,1828,Village Life,1,324,0.0
1022,1828,Work,11,324,3.0
1023,1829,African Americans,2,363,1.0
1024,1829,Aging,3,363,1.0
1025,1829,"Arts, Visual and Performing",8,363,2.0
1026,1829,Authorship,10,363,3.0
1027,1829,Bible,3,363,1.0
1028,1829,Caribbean,1,363,0.0
1029,1829,Catholicism,1,363,0.0
1030,1829,Charity,3,363,1.0
1031,1829,Childbirth,1,363,0.0
1032,1829,Childcare,5,363,1.0
1033,1829,Childhood,12,363,3.0
1034,1829,Class,1,363,0.0
1035,1829,Clothing,6,363,2.0
1036,1829,Courtship,4,363,1.0
1037,1829,Death,4,363,1.0
1038,1829,Domestic Animals,2,363,1.0
1039,1829,Domestic Life and Duties,5,363,1.0
1040,1829,Economics,4,363,1.0
1041,1829,Education,13,363,4.0
1042,1829,Employees,4,363,1.0
1043,1829,Family Finances (Sedgwick Family),3,363,1.0
1044,1829,Family Relations (Sedgwick Family),26,363,7.000000000000001
1045,1829,Family Residences (Sedgwick Family),7,363,2.0
1046,1829,Fatherhood,1,363,0.0
1047,1829,Food and Drink,4,363,1.0
1048,1829,Friendship,9,363,2.0
1049,1829,Gender Roles,11,363,3.0
1050,1829,Gifts,5,363,1.0
1051,1829,Health and Illness,23,363,6.0
1052,1829,Holidays and Celebrations,1,363,0.0
1053,1829,Housewares and Furnishings,2,363,1.0
1054,1829,Immigration,2,363,1.0
1055,1829,Judaism,1,363,0.0
1056,1829,Leisure Activities,8,363,2.0
1057,1829,Literature and History,8,363,2.0
1058,1829,Manners,4,363,1.0
1059,1829,Marriage,6,363,2.0
1060,1829,Morality and Ethics,7,363,2.0
1061,1829,Motherhood,8,363,2.0
1062,1829,National Identity,6,363,2.0
1063,1829,Native Americans,1,363,0.0
1064,1829,Natural World,4,363,1.0
1065,1829,Politics,2,363,1.0
1066,1829,Pregnancy,2,363,1.0
1067,1829,Press,3,363,1.0
1068,1829,Publication,6,363,2.0
1069,1829,Race and Ethnicity,3,363,1.0
1070,1829,Recreation,4,363,1.0
1071,1829,Religion,16,363,4.0
1072,1829,Second Great Awakening,1,363,0.0
1073,1829,Self-reflection,17,363,5.0
1074,1829,Shopping and Material Exchange,11,363,3.0
1075,1829,Singlehood,1,363,0.0
1076,1829,Social Life and Networks,23,363,6.0
1077,1829,Translation,1,363,0.0
1078,1829,Transportation,5,363,1.0
1079,1829,"Travel and Touring, International",2,363,1.0
1080,1829,"Travel and Touring, US",12,363,3.0
1081,1829,Unitarianism,6,363,2.0
1082,1829,Urban Life,3,363,1.0
1083,1829,Village Life,3,363,1.0
1084,1829,Work,3,363,1.0
1085,1830,Aging,2,406,0.0
1086,1830,American Revolution,1,406,0.0
1087,1830,"Arts, Visual and Performing",4,406,1.0
1088,1830,Authorship,15,406,4.0
1089,1830,Bible,2,406,0.0
1090,1830,Caribbean,1,406,0.0
1091,1830,Catholicism,1,406,0.0
1092,1830,Charity,1,406,0.0
1093,1830,Childbirth,2,406,0.0
1094,1830,Childcare,8,406,2.0
1095,1830,Childhood,11,406,3.0
1096,1830,Class,5,406,1.0
1097,1830,Clothing,9,406,2.0
1098,1830,Courtship,1,406,0.0
1099,1830,Crime,2,406,0.0
1100,1830,Death,4,406,1.0
1101,1830,Disasters,1,406,0.0
1102,1830,Domestic Animals,6,406,1.0
1103,1830,Domestic Life and Duties,10,406,2.0
1104,1830,Economics,3,406,1.0
1105,1830,Education,12,406,3.0
1106,1830,Employees,1,406,0.0
1107,1830,Family Finances (Sedgwick Family),3,406,1.0
1108,1830,Family Relations (Sedgwick Family),27,406,7.000000000000001
1109,1830,Family Residences (Sedgwick Family),3,406,1.0
1110,1830,Fatherhood,2,406,0.0
1111,1830,Food and Drink,1,406,0.0
1112,1830,Friendship,11,406,3.0
1113,1830,Gardens,4,406,1.0
1114,1830,Gender Roles,17,406,4.0
1115,1830,Gifts,4,406,1.0
1116,1830,Health and Illness,22,406,5.0
1117,1830,Holidays and Celebrations,4,406,1.0
1118,1830,Immigration,2,406,0.0
1119,1830,Judaism,1,406,0.0
1120,1830,Legal Issues,2,406,0.0
1121,1830,Leisure Activities,12,406,3.0
1122,1830,Literature and History,15,406,4.0
1123,1830,Manners,7,406,2.0
1124,1830,Marriage,4,406,1.0
1125,1830,Morality and Ethics,8,406,2.0
1126,1830,Motherhood,7,406,2.0
1127,1830,Native Americans,1,406,0.0
1128,1830,Natural World,7,406,2.0
1129,1830,Politics,3,406,1.0
1130,1830,Pregnancy,2,406,0.0
1131,1830,Press,4,406,1.0
1132,1830,Publication,3,406,1.0
1133,1830,Recreation,2,406,0.0
1134,1830,Regional Identity,3,406,1.0
1135,1830,Religion,17,406,4.0
1136,1830,Romanticism,2,406,0.0
1137,1830,Science and Technology,2,406,0.0
1138,1830,Self-reflection,16,406,4.0
1139,1830,Shopping and Material Exchange,7,406,2.0
1140,1830,Social Life and Networks,29,406,7.000000000000001
1141,1830,Translation,1,406,0.0
1142,1830,Transportation,6,406,1.0
1143,1830,"Travel and Touring, International",4,406,1.0
1144,1830,"Travel and Touring, US",19,406,5.0
1145,1830,Unitarianism,2,406,0.0
1146,1830,Urban Life,5,406,1.0
1147,1830,Village Life,4,406,1.0
1148,1830,Work,9,406,2.0
1149,1831,African Americans,5,551,1.0
1150,1831,Aging,1,551,0.0
1151,1831,Agriculture,1,551,0.0
1152,1831,American Revolution,3,551,1.0
1153,1831,Anti-Slavery Movements,1,551,0.0
1154,1831,"Arts, Visual and Performing",11,551,2.0
1155,1831,Authorship,7,551,1.0
1156,1831,Bible,4,551,1.0
1157,1831,Caribbean,1,551,0.0
1158,1831,Charity,4,551,1.0
1159,1831,Childbirth,3,551,1.0
1160,1831,Childcare,15,551,3.0
1161,1831,Childhood,20,551,4.0
1162,1831,Class,10,551,2.0
1163,1831,Clothing,10,551,2.0
1164,1831,Courtship,1,551,0.0
1165,1831,Crime,1,551,0.0
1166,1831,Death,2,551,0.0
1167,1831,Domestic Animals,5,551,1.0
1168,1831,Domestic Life and Duties,8,551,1.0
1169,1831,Economics,6,551,1.0
1170,1831,Education,9,551,2.0
1171,1831,Employees,7,551,1.0
1172,1831,Family Finances (Sedgwick Family),2,551,0.0
1173,1831,Family Relations (Sedgwick Family),34,551,6.0
1174,1831,Fatherhood,5,551,1.0
1175,1831,Food and Drink,8,551,1.0
1176,1831,Foreign Relations,2,551,0.0
1177,1831,Friendship,7,551,1.0
1178,1831,Gardens,7,551,1.0
1179,1831,Gender Roles,20,551,4.0
1180,1831,Gifts,8,551,1.0
1181,1831,Health and Illness,18,551,3.0
1182,1831,Holidays and Celebrations,2,551,0.0
1183,1831,Housewares and Furnishings,6,551,1.0
1184,1831,Immigration,1,551,0.0
1185,1831,Jacksonian Democracy,2,551,0.0
1186,1831,Judaism,1,551,0.0
1187,1831,Legal Issues,3,551,1.0
1188,1831,Leisure Activities,15,551,3.0
1189,1831,Literature and History,20,551,4.0
1190,1831,Manners,11,551,2.0
1191,1831,Marriage,5,551,1.0
1192,1831,Morality and Ethics,14,551,3.0
1193,1831,Motherhood,9,551,2.0
1194,1831,National Identity,6,551,1.0
1195,1831,Native Americans,8,551,1.0
1196,1831,Natural World,10,551,2.0
1197,1831,Politics,9,551,2.0
1198,1831,Press,8,551,1.0
1199,1831,Public Service,3,551,1.0
1200,1831,Publication,4,551,1.0
1201,1831,Race and Ethnicity,7,551,1.0
1202,1831,Recreation,9,551,2.0
1203,1831,Regional Identity,1,551,0.0
1204,1831,Religion,14,551,3.0
1205,1831,Science and Technology,3,551,1.0
1206,1831,Second Great Awakening,1,551,0.0
1207,1831,Self-reflection,12,551,2.0
1208,1831,Shopping and Material Exchange,10,551,2.0
1209,1831,Singlehood,4,551,1.0
1210,1831,Slavery and Enslaved Persons,5,551,1.0
1211,1831,Social Life and Networks,25,551,5.0
1212,1831,"South, The",2,551,0.0
1213,1831,Supreme Court,3,551,1.0
1214,1831,Transportation,13,551,2.0
1215,1831,"Travel and Touring, International",3,551,1.0
1216,1831,"Travel and Touring, US",23,551,4.0
1217,1831,Unitarianism,4,551,1.0
1218,1831,Urban Life,8,551,1.0
1219,1831,Village Life,6,551,1.0
1220,1831,"West, The",1,551,0.0
1221,1831,Women's Rights,1,551,0.0
1222,1831,Work,13,551,2.0
1223,1832,"Arts, Visual and Performing",1,36,3.0
1224,1832,Authorship,1,36,3.0
1225,1832,Charity,1,36,3.0
1226,1832,Childhood,1,36,3.0
1227,1832,Clothing,1,36,3.0
1228,1832,Death,2,36,6.0
1229,1832,Domestic Life and Duties,1,36,3.0
1230,1832,Economics,1,36,3.0
1231,1832,Education,1,36,3.0
1232,1832,Employees,1,36,3.0
1233,1832,Family Finances (Sedgwick Family),1,36,3.0
1234,1832,Family Relations (Sedgwick Family),2,36,6.0
1235,1832,Foreign Relations,1,36,3.0
1236,1832,Friendship,1,36,3.0
1237,1832,Gardens,1,36,3.0
1238,1832,Gender Roles,1,36,3.0
1239,1832,Health and Illness,2,36,6.0
1240,1832,Leisure Activities,1,36,3.0
1241,1832,Literature and History,2,36,6.0
1242,1832,Manners,1,36,3.0
1243,1832,Morality and Ethics,1,36,3.0
1244,1832,Motherhood,1,36,3.0
1245,1832,Politics,1,36,3.0
1246,1832,Press,1,36,3.0
1247,1832,Publication,1,36,3.0
1248,1832,Religion,2,36,6.0
1249,1832,Self-reflection,2,36,6.0
1250,1832,Shopping and Material Exchange,1,36,3.0
1251,1832,Singlehood,1,36,3.0
1252,1832,Social Life and Networks,1,36,3.0
1253,1833,Aging,1,31,3.0
1254,1833,"Arts, Visual and Performing",2,31,6.0
1255,1833,Authorship,1,31,3.0
1256,1833,Childcare,2,31,6.0
1257,1833,Domestic Life and Duties,1,31,3.0
1258,1833,Friendship,2,31,6.0
1259,1833,Gender Roles,2,31,6.0
1260,1833,Health and Illness,2,31,6.0
1261,1833,Leisure Activities,2,31,6.0
1262,1833,Literature and History,1,31,3.0
1263,1833,Manners,1,31,3.0
1264,1833,Marriage,1,31,3.0
1265,1833,Motherhood,1,31,3.0
1266,1833,National Identity,1,31,3.0
1267,1833,Natural World,1,31,3.0
1268,1833,Public Service,1,31,3.0
1269,1833,Religion,1,31,3.0
1270,1833,Self-reflection,2,31,6.0
1271,1833,Singlehood,1,31,3.0
1272,1833,Social Life and Networks,2,31,6.0
1273,1833,Unitarianism,1,31,3.0
1274,1833,Work,2,31,6.0
1275,1834,Authorship,1,23,4.0
1276,1834,Childcare,1,23,4.0
1277,1834,Class,1,23,4.0
1278,1834,Clothing,1,23,4.0
1279,1834,Domestic Life and Duties,1,23,4.0
1280,1834,Education,1,23,4.0
1281,1834,Exiles,1,23,4.0
1282,1834,Family Finances (Sedgwick Family),1,23,4.0
1283,1834,Family Relations (Sedgwick Family),1,23,4.0
1284,1834,Food and Drink,1,23,4.0
1285,1834,Gifts,1,23,4.0
1286,1834,Health and Illness,1,23,4.0
1287,1834,Housewares and Furnishings,1,23,4.0
1288,1834,Immigration,1,23,4.0
1289,1834,Leisure Activities,1,23,4.0
1290,1834,Literature and History,1,23,4.0
1291,1834,Manners,1,23,4.0
1292,1834,Publication,1,23,4.0
1293,1834,Race and Ethnicity,1,23,4.0
1294,1834,Self-reflection,1,23,4.0
1295,1834,Shopping and Material Exchange,1,23,4.0
1296,1834,Social Life and Networks,1,23,4.0
1297,1834,Urban Life,1,23,4.0
1298,1837,Aging,1,41,2.0
1299,1837,Anti-Slavery Movements,1,41,2.0
1300,1837,Authorship,2,41,5.0
1301,1837,Charity,1,41,2.0
1302,1837,Childhood,1,41,2.0
1303,1837,Class,1,41,2.0
1304,1837,Domestic Life and Duties,1,41,2.0
1305,1837,Education,1,41,2.0
1306,1837,Exiles,1,41,2.0
1307,1837,Family Relations (Sedgwick Family),1,41,2.0
1308,1837,Food and Drink,1,41,2.0
1309,1837,Friendship,1,41,2.0
1310,1837,Gender Roles,1,41,2.0
1311,1837,Gifts,1,41,2.0
1312,1837,Health and Illness,2,41,5.0
1313,1837,Immigration,1,41,2.0
1314,1837,Leisure Activities,1,41,2.0
1315,1837,Literature and History,2,41,5.0
1316,1837,Marriage,2,41,5.0
1317,1837,Morality and Ethics,1,41,2.0
1318,1837,National Identity,1,41,2.0
1319,1837,Politics,1,41,2.0
1320,1837,Press,1,41,2.0
1321,1837,Race and Ethnicity,1,41,2.0
1322,1837,Reform Movements,1,41,2.0
1323,1837,Religion,2,41,5.0
1324,1837,Self-reflection,1,41,2.0
1325,1837,Shopping and Material Exchange,1,41,2.0
1326,1837,Slavery and Enslaved Persons,1,41,2.0
1327,1837,Social Life and Networks,2,41,5.0
1328,1837,"South, The",1,41,2.0
1329,1837,"Travel and Touring, US",1,41,2.0
1330,1837,Unitarianism,2,41,5.0
1331,1837,Work,1,41,2.0
